Player,Tm,Pos,Age,G,GS,Tgt,Rec,PassingYds,PassingTD,PassingAtt,RushingYds,RushingTD,RushingAtt,ReceivingYds,ReceivingTD,Standard,PPR,Int,Fumbles,FumblesLost
Travis Kelce,KAN,TE,33,11,11,102,73,0,0,0,5,0,2,912,12,166,238.7,0,0,0
Josh Jacobs,LVR,RB,24,11,11,48,40,0,0,0,1159,9,216,325,0,202,242.4,0,1,0
Derrick Henry,TEN,RB,28,11,11,26,21,4,1,2,1048,10,247,278,0,197,217.8,0,2,0
Patrick Mahomes,KAN,QB,27,11,11,0,0,3585,29,442,274,1,42,0,0,281,280.8,8,4,0
Josh Allen,BUF,QB,26,11,11,0,0,3183,23,410,561,5,81,0,0,277,277.4,11,9,3
Nick Chubb,CLE,RB,27,11,11,23,17,0,0,0,1039,12,200,152,0,191,208.1,0,1,1
Stefon Diggs,BUF,WR,29,11,11,119,84,0,0,0,0,0,0,1110,9,165,249.0,0,1,0
Justin Jefferson,MIN,WR,23,11,11,116,81,34,0,2,13,1,2,1232,5,164,244.9,0,0,0
Jalen Hurts,PHI,QB,24,11,11,0,0,2560,17,318,597,8,127,0,0,270,270.1,3,8,2
Davante Adams,LVR,WR,30,11,11,123,71,0,0,0,-1,0,3,999,10,160,230.8,0,1,0
Tyreek Hill,MIA,WR,28,11,11,115,87,0,0,0,30,0,6,1233,4,150,237.3,0,1,0
Austin Ekeler,LAC,RB,27,11,11,98,80,0,0,0,554,7,128,497,5,175,255.1,0,3,1
Saquon Barkley,NYG,RB,25,11,11,47,35,0,0,0,992,7,224,223,0,166,200.5,0,1,0
Joe Burrow,CIN,QB,26,11,11,0,0,3160,23,409,178,4,48,0,0,244,244.2,8,4,2
Jaylen Waddle,MIA,WR,24,11,11,85,56,0,0,0,17,0,2,963,6,132,188.0,0,1,1
Jamaal Williams,DET,RB,27,11,6,12,9,0,0,0,734,13,177,57,0,155,164.1,0,3,2
Christian McCaffrey,2TM,RB,26,11,10,73,58,34,1,1,634,4,143,479,2,153,210.7,0,1,0
Cooper Kupp,LAR,WR,29,9,9,98,75,0,0,1,52,1,9,812,6,126,201.4,0,2,1
Lamar Jackson,BAL,QB,25,11,11,0,0,2231,17,322,755,3,111,0,0,235,234.7,7,5,2
Tony Pollard,DAL,RB,25,11,3,33,23,0,0,0,761,6,136,244,2,149,171.5,0,0,0
Aaron Jones,GNB,RB,28,12,12,53,43,0,0,0,821,2,155,304,4,149,191.5,0,3,1
A.J. Brown,PHI,WR,25,11,10,86,53,0,0,0,0,0,0,831,7,121,174.1,0,2,2
Amari Cooper,CLE,WR,28,11,11,93,57,0,0,1,0,0,0,792,7,119,176.2,1,0,0
Miles Sanders,PHI,RB,25,11,9,18,15,0,0,0,900,8,177,60,0,144,159.0,0,0,0
CeeDee Lamb,DAL,WR,23,11,11,104,64,0,0,0,23,0,7,857,5,118,182.0,0,0,0
Justin Fields,CHI,QB,23,11,11,0,0,1642,13,228,834,7,122,0,0,227,227.1,8,13,1
Dalvin Cook,MIN,RB,27,11,11,39,26,0,0,0,841,6,178,160,1,140,166.1,0,1,1
Joe Mixon,CIN,RB,26,10,10,53,41,0,0,0,605,6,158,314,2,140,180.9,0,0,0
Christian Kirk,JAX,WR,26,11,11,91,56,0,0,1,7,0,4,725,7,113,169.2,0,1,1
Mark Andrews,BAL,TE,27,10,10,79,52,0,0,0,7,0,2,601,5,93,144.8,0,1,0
Rhamondre Stevenson,NWE,RB,24,11,3,59,50,0,0,0,680,4,151,359,1,134,183.9,0,0,0
Taysom Hill,NOR,TE,32,11,6,8,5,115,1,14,409,5,58,31,1,89,93.6,0,1,0
Tee Higgins,CIN,WR,23,11,10,80,57,0,0,0,0,0,0,826,4,107,163.6,0,0,0
T.J. Hockenson,2TM,TE,25,11,11,77,52,0,0,0,0,0,0,587,4,85,136.7,0,0,0
Amon-Ra St. Brown,DET,WR,23,10,10,88,65,0,0,0,81,0,5,716,4,104,168.7,0,0,0
Tyler Lockett,SEA,WR,30,11,11,78,57,0,0,0,0,0,0,708,6,103,159.8,0,2,2
Kenneth Walker III,SEA,RB,22,10,6,25,19,0,0,0,613,9,135,116,0,127,145.9,0,0,0
Chris Olave,NOR,WR,22,11,7,92,56,0,0,0,0,0,0,822,3,100,156.2,0,1,1
Brandon Aiyuk,SFO,WR,24,11,11,74,51,0,0,0,7,0,1,652,6,100,150.9,0,1,1
Terry McLaurin,WAS,WR,27,12,12,86,54,0,0,0,17,0,6,840,2,98,151.7,0,1,0
Gabriel Davis,BUF,WR,23,10,10,60,33,0,0,0,0,0,0,650,5,95,128.0,0,0,0
Ja'Marr Chase,CIN,WR,22,8,7,74,47,0,0,0,2,0,4,605,6,95,141.7,0,1,1
Deebo Samuel,SFO,WR,26,10,9,76,44,0,0,0,202,2,33,511,2,93,137.3,0,2,1
Travis Etienne,JAX,RB,23,11,6,31,22,0,0,0,728,4,133,202,0,117,139.0,0,3,1
Geno Smith,SEA,QB,32,11,11,0,0,2802,19,353,240,1,50,0,0,202,202.1,5,5,3
Dallas Goedert,PHI,TE,27,9,9,53,43,0,0,0,0,0,0,544,3,70,113.4,0,1,1
Dameon Pierce,HOU,RB,22,11,11,36,27,0,0,0,788,3,180,143,1,115,142.1,0,3,1
Kyler Murray,ARI,QB,25,10,10,0,0,2359,14,389,415,3,66,0,0,200,199.9,7,8,2
D.J. Moore,CAR,WR,25,12,12,88,46,0,0,0,39,0,7,605,4,88,134.4,0,0,0
Mike Evans,TAM,WR,29,10,10,85,51,0,0,0,0,0,0,702,3,88,139.2,0,0,0
Zach Ertz,ARI,TE,32,10,10,69,47,0,0,0,0,0,0,406,4,69,115.6,0,0,0
Curtis Samuel,WAS,WR,26,12,9,72,48,0,0,0,165,1,28,493,3,88,135.8,0,1,1
Garrett Wilson,NYJ,WR,22,11,6,79,49,0,0,0,4,0,4,628,4,87,136.2,0,1,0
D.K. Metcalf,SEA,WR,25,11,11,92,59,0,0,0,0,0,0,671,4,87,146.1,0,2,2
George Kittle,SFO,TE,29,9,9,51,36,0,0,0,0,0,0,450,4,67,103.0,0,1,1
Leonard Fournette,TAM,RB,27,10,9,50,43,0,0,1,462,3,135,315,3,112,154.7,1,0,0
Tyler Boyd,CIN,WR,28,11,9,60,41,23,0,1,0,0,0,595,4,86,127.4,0,0,0
Allen Lazard,GNB,WR,27,10,10,69,40,0,0,0,0,0,0,553,5,85,125.3,0,0,0
Juwan Johnson,NOR,TE,26,12,8,49,31,0,0,0,0,0,0,349,5,65,95.9,0,0,0
Cole Kmet,CHI,TE,23,12,12,43,29,0,0,0,9,0,2,336,5,65,93.5,0,1,0
Michael Pittman Jr.,IND,WR,25,11,11,103,74,0,0,0,0,0,0,739,2,84,157.9,0,2,1
Jeff Wilson,2TM,RB,27,11,7,24,16,0,0,0,677,4,131,149,1,109,124.6,0,2,2
Antonio Gibson,WAS,RB,24,12,6,47,40,0,0,0,476,3,130,306,2,108,148.2,0,0,0
Najee Harris,PIT,RB,24,11,11,36,29,4,0,1,585,4,158,142,2,107,135.9,0,2,1
Jonathan Taylor,IND,RB,23,9,9,35,24,0,0,0,779,4,171,109,0,107,130.8,0,3,3
Justin Herbert,LAC,QB,24,11,11,2,2,3004,19,463,128,0,36,-10,0,192,194.0,7,3,2
Alvin Kamara,NOR,RB,27,10,9,65,49,0,0,0,524,1,131,422,2,105,153.6,0,4,4
Christian Watson,GNB,WR,23,9,6,34,22,0,0,0,22,1,4,353,6,80,101.5,0,0,0
Ezekiel Elliott,DAL,RB,27,9,9,10,8,0,0,0,577,7,140,40,0,104,111.7,0,0,0
Pat Freiermuth,PIT,TE,24,10,5,71,47,0,0,0,0,0,0,521,1,58,105.1,0,0,0
DeVonta Smith,PHI,WR,24,11,11,79,56,0,0,0,0,0,0,609,3,77,132.9,0,1,1
Tyler Conklin,NYJ,TE,27,11,11,56,38,0,0,0,1,0,1,381,3,56,94.2,0,2,0
Trevor Lawrence,JAX,QB,23,11,11,0,0,2655,16,385,179,3,39,0,0,186,186.1,6,8,6
Marcus Mariota,ATL,QB,29,12,12,0,0,2046,14,276,421,4,82,0,0,186,185.9,8,8,3
Daniel Jones,NYG,QB,25,11,11,0,0,2165,10,316,451,4,79,0,0,186,185.7,4,4,2
Tory Carter,TEN,,23,8,3,0,0,0,0,0,0,0,0,0,0,,,0,0,0
DeAndre Hopkins,ARI,WR,30,6,6,64,49,0,0,0,0,0,0,574,3,75,124.4,0,1,0
Alex Armah,WAS,,28,2,0,0,0,0,0,0,0,0,0,0,0,,,0,0,0
Kirk Cousins,MIN,QB,34,11,11,0,0,2760,17,414,49,2,22,0,0,177,177.3,9,5,2
Tua Tagovailoa,MIA,QB,24,9,9,0,0,2564,19,284,35,0,18,0,0,176,176.1,3,2,0
Derek Carr,LVR,QB,31,11,11,0,0,2730,18,384,77,0,17,0,0,175,174.9,7,3,0
Aaron Rodgers,GNB,QB,39,12,12,0,0,2682,21,392,63,0,17,0,0,174,173.6,9,7,4
Tom Brady,TAM,QB,45,11,11,1,0,3051,14,470,-6,0,19,0,0,171,171.4,2,3,2
Jacoby Brissett,CLE,QB,30,11,11,0,0,2608,12,368,238,2,47,0,0,168,168.1,6,6,4
Jared Goff,DET,QB,28,11,11,1,1,2682,17,364,42,0,21,5,0,164,165.0,7,5,3
Jimmy Garoppolo,SFO,QB,31,10,9,0,0,2381,16,304,33,2,23,0,0,163,162.5,4,3,2
Matt Ryan,IND,QB,37,10,10,0,0,2642,11,391,72,1,21,0,0,135,134.9,10,13,4
Russell Wilson,DEN,QB,34,10,10,1,1,2369,8,336,137,1,35,1,0,135,135.6,5,5,1
Andy Dalton,NOR,QB,35,9,9,0,0,2023,14,271,53,0,23,0,0,128,128.2,7,3,1
Ryan Tannehill,TEN,QB,34,9,9,0,0,1976,10,243,47,1,26,0,0,120,119.7,4,2,1
Davis Mills,HOU,QB,24,10,10,0,0,2144,11,328,38,1,17,0,0,116,115.6,11,4,1
Matthew Stafford,LAR,QB,34,9,9,0,0,2087,10,303,9,1,13,0,0,108,108.4,8,5,3
Khalil Herbert,CHI,RB,24,10,1,7,6,0,0,0,643,4,108,62,1,101,106.5,0,0,0
David Montgomery,CHI,RB,25,11,11,25,21,0,0,0,580,3,146,238,0,98,118.8,0,1,1
Kenny Pickett,PIT,QB,24,8,7,0,0,1600,3,265,195,3,35,0,0,98,97.5,8,3,1
Devin Singletary,BUF,RB,25,11,11,40,31,0,0,0,552,3,124,226,1,98,128.8,0,2,2
Dak Prescott,DAL,QB,29,6,6,0,0,1393,10,182,71,1,19,0,0,97,96.8,6,1,0
Carson Wentz,WAS,QB,30,6,6,0,0,1489,10,232,79,0,19,0,0,97,97.5,6,6,1
Breece Hall,NYJ,RB,21,7,2,31,19,0,0,0,463,4,80,218,1,96,115.1,0,1,1
James Conner,ARI,RB,27,9,9,35,27,0,0,0,476,4,121,171,1,93,119.7,0,3,1
Mac Jones,NWE,QB,24,8,8,0,0,1768,6,234,81,1,27,0,0,93,92.8,7,3,1
Cordarrelle Patterson,ATL,RB,31,8,7,16,11,0,0,0,506,5,97,65,0,91,102.1,0,1,1
Raheem Mostert,MIA,RB,30,10,8,26,17,0,0,0,543,3,118,119,1,90,107.2,0,0,0
D'Onta Foreman,CAR,RB,26,12,5,8,4,0,0,0,563,4,126,25,0,85,88.8,0,0,0
Clyde Edwards-Helaire,KAN,RB,23,10,6,23,17,0,0,0,302,3,71,151,3,81,98.3,0,0,0
D'Andre Swift,DET,RB,23,8,5,35,24,0,0,0,292,3,50,186,2,80,103.8,0,1,0
AJ Dillon,GNB,RB,24,12,2,30,20,0,0,0,531,2,125,133,0,78,98.4,0,1,0
James Robinson,2TM,RB,24,10,5,14,11,0,0,0,415,3,106,51,2,77,87.6,0,1,0
Zach Wilson,NYJ,QB,23,7,7,1,1,1279,4,189,94,1,24,2,1,77,77.8,5,1,1
Tyler Allgeier,ATL,RB,22,11,4,10,10,0,0,0,552,1,121,87,1,76,85.9,0,0,0
Michael Carter,NYJ,RB,23,11,9,36,28,0,0,0,370,3,99,209,0,76,103.9,0,1,0
Kareem Hunt,CLE,RB,27,11,0,28,23,0,0,0,361,3,93,155,1,76,98.6,0,0,0
Taylor Heinicke,WAS,QB,29,6,6,0,0,1169,7,171,61,1,21,0,0,75,74.9,5,2,1
JuJu Smith-Schuster,KAN,WR,26,10,9,67,49,0,0,0,0,0,0,653,2,75,124.3,0,2,1
Courtland Sutton,DEN,WR,27,11,11,88,52,0,0,0,5,0,1,688,1,75,127.3,0,0,0
Adam Thielen,MIN,WR,32,11,11,77,54,0,0,0,0,0,0,553,3,75,129.3,0,0,0
Baker Mayfield,CAR,QB,27,7,6,0,0,1313,6,206,52,1,16,0,0,74,73.7,6,6,1
Jakobi Meyers,NWE,WR,26,9,8,62,47,0,0,0,9,0,2,571,3,74,121.0,0,1,1
Josh Palmer,LAC,WR,24,10,9,75,50,0,0,0,4,0,1,552,3,74,123.6,0,1,0
Samaje Perine,CIN,RB,27,11,1,33,26,0,0,0,221,1,53,213,4,73,99.4,0,0,0
George Pickens,PIT,WR,21,11,6,59,36,0,0,0,24,1,3,510,2,73,109.4,0,0,0
Devin Duvernay,BAL,WR,25,11,11,39,29,0,0,0,75,1,10,344,3,72,100.9,0,0,0
Marquise Brown,ARI,WR,25,7,7,72,49,0,0,0,0,0,0,531,3,71,120.1,0,1,0
Chris Godwin,TAM,WR,26,9,8,86,60,0,0,0,5,0,3,585,2,71,131.0,0,0,0
Mack Hollins,LVR,WR,29,11,10,64,40,4,0,1,0,0,1,531,3,71,111.3,0,0,0
Mecole Hardman,KAN,WR,24,8,5,34,25,0,0,0,31,2,4,297,4,69,93.8,0,1,0
Mike Williams,LAC,WR,28,8,8,60,38,0,0,0,0,0,0,510,3,69,107.0,0,0,0
Kenyan Drake,BAL,RB,28,9,5,16,11,0,0,0,392,3,85,52,1,68,79.4,0,0,0
Drake London,ATL,WR,21,12,10,69,41,0,0,0,0,0,0,438,4,68,108.8,0,1,1
Latavius Murray,2TM,RB,32,7,1,15,13,0,0,0,358,4,87,70,0,67,79.8,0,0,0
Brian Robinson Jr.,WAS,RB,23,8,6,7,6,0,0,0,467,2,126,27,1,67,73.4,0,0,0
Parris Campbell,IND,WR,25,12,11,63,46,0,0,0,29,0,2,454,3,66,112.3,0,0,0
Zay Jones,JAX,WR,27,10,9,79,58,0,0,0,21,0,3,562,1,66,124.3,0,0,0
Isaiah McKenzie,BUF,WR,27,10,7,45,30,0,0,0,42,1,7,315,4,66,95.7,0,0,0
Damien Harris,NWE,RB,25,9,8,16,13,0,0,0,383,3,84,75,0,64,76.8,0,0,0
Donovan Peoples-Jones,CLE,WR,23,11,9,65,42,0,0,0,2,0,1,593,1,64,105.5,0,1,1
Jerry Jeudy,DEN,WR,23,9,9,55,30,0,0,0,1,0,1,449,3,63,93.0,0,0,0
Eno Benjamin,ARI,RB,23,10,3,33,24,0,0,0,299,2,70,184,0,62,86.3,0,0,0
Melvin Gordon,DEN,RB,29,10,6,32,25,0,0,0,318,2,90,223,0,62,87.1,0,5,2
Darnell Mooney,CHI,WR,25,12,12,61,40,0,0,0,2,0,1,493,2,62,101.5,0,0,0
DeAndre Carter,LAC,WR,29,11,7,51,38,0,0,0,-5,0,1,452,3,61,98.7,0,1,1
Darius Slayton,NYG,WR,25,10,6,44,27,0,0,0,0,0,0,476,2,60,86.6,0,0,0
Brandin Cooks,HOU,WR,29,10,10,71,44,0,0,0,7,0,2,520,1,59,102.7,0,0,0
Isiah Pacheco,KAN,RB,22,11,5,4,4,0,0,0,455,2,97,30,0,59,62.5,0,3,1
Darrell Henderson,LAR,RB,25,10,7,22,17,0,0,0,283,3,70,102,0,57,73.5,0,0,0
Cooper Rush,DAL,QB,29,7,5,0,0,1051,5,161,6,0,9,0,0,57,56.6,3,2,0
Marquez Valdes-Scantling,KAN,WR,28,11,6,52,31,0,0,0,-3,0,1,515,1,57,88.2,0,0,0
Olamide Zaccheaus,ATL,WR,25,12,9,39,30,0,0,0,7,0,2,465,2,57,87.2,0,1,1
David Njoku,CLE,TE,26,9,9,52,41,0,0,0,-6,0,1,464,2,56,96.8,0,1,1
Chase Claypool,2TM,WR,24,12,10,66,39,1,1,1,59,0,9,394,1,55,94.3,0,0,0
Dontrell Hilliard,TEN,RB,27,10,1,24,19,0,0,0,143,0,21,163,4,55,73.6,0,0,0
Diontae Johnson,PIT,WR,26,11,11,94,56,0,0,0,23,0,6,505,0,55,110.8,0,1,0
Gerald Everett,LAC,TE,28,10,6,59,38,0,0,0,0,0,1,382,2,52,90.2,0,0,0
Allen Robinson,LAR,WR,29,10,10,52,33,0,0,0,0,0,0,339,3,52,84.9,0,0,0
Nico Collins,HOU,WR,23,9,7,56,34,0,0,0,0,0,0,446,1,51,84.6,0,0,0
Mike Gesicki,MIA,TE,27,11,1,36,24,0,0,0,0,0,0,269,4,51,74.9,0,0,0
Hayden Hurst,CIN,TE,29,11,11,60,46,0,0,0,0,0,0,388,2,51,96.8,0,0,0
Mitchell Trubisky,PIT,QB,28,5,4,0,0,797,3,128,29,1,13,0,0,51,50.8,2,0,0
Rachaad White,TAM,RB,23,11,2,34,29,0,0,0,286,1,74,180,0,51,79.6,0,1,1
Romeo Doubs,GNB,WR,22,9,7,50,31,0,0,0,11,0,1,314,3,49,79.5,0,2,1
Marvin Jones,JAX,WR,32,10,7,53,31,0,0,0,0,0,0,368,2,49,79.8,0,0,0
Corey Davis,NYJ,WR,27,8,6,37,20,0,0,0,0,0,0,360,2,48,68.0,0,0,0
DeVante Parker,NWE,WR,29,10,8,34,21,0,0,0,0,0,0,420,1,48,69.0,0,0,0
Rashaad Penny,SEA,RB,26,5,5,5,4,0,0,0,346,2,57,16,0,48,52.2,0,1,0
Alec Pierce,IND,WR,22,11,8,52,28,0,0,0,0,0,0,424,1,48,76.4,0,1,0
Kyle Pitts,ATL,TE,22,10,10,59,28,0,0,0,0,0,0,356,2,48,75.6,0,0,0
Josh Reynolds,DET,WR,27,8,7,42,26,0,0,0,0,0,0,357,2,48,73.7,0,0,0
Kenneth Gainwell,PHI,RB,23,11,0,15,10,0,0,0,168,4,38,57,0,47,56.5,0,0,0
Rondale Moore,ARI,WR,22,8,8,56,41,0,0,0,-5,0,6,414,1,47,87.9,0,0,0
Dalton Schultz,DAL,TE,26,9,9,46,33,0,0,0,0,0,0,310,3,47,80.0,0,1,1
Will Dissly,SEA,TE,26,11,11,31,28,0,0,0,0,0,0,275,3,46,73.5,0,0,0
Nick Westbrook-Ikhine,TEN,WR,25,11,9,31,18,0,0,0,0,0,0,343,2,46,64.3,0,0,0
Joe Flacco,NYJ,QB,37,3,3,0,0,901,5,155,6,0,3,0,0,45,44.6,3,4,3
Marquise Goodwin,SEA,WR,32,9,1,25,19,0,0,0,7,0,1,265,3,45,64.2,0,0,0
Dawson Knox,BUF,TE,26,10,10,42,33,0,0,0,0,0,0,327,2,45,77.7,0,0,0
Evan Engram,JAX,TE,28,11,8,52,37,0,0,0,0,0,1,356,1,44,80.6,0,0,0
Hunter Henry,NWE,TE,28,11,10,34,23,0,0,0,0,0,0,323,2,44,67.3,0,0,0
Jameis Winston,NOR,QB,28,3,3,0,0,858,4,115,16,0,5,0,0,44,43.9,5,3,0
Greg Dortch,ARI,WR,24,11,2,39,34,0,0,0,4,0,2,324,2,43,76.8,0,1,1
Jahan Dotson,WAS,WR,22,7,5,26,14,0,0,0,-7,0,2,179,4,43,57.2,0,0,0
Tyler Higbee,LAR,TE,29,11,11,73,48,0,0,0,0,0,0,430,0,43,91.0,0,0,0
Jerick McKinnon,KAN,RB,30,11,0,40,29,0,0,0,149,0,39,238,1,43,71.7,0,1,1
Noah Brown,DAL,WR,26,10,10,45,28,0,0,0,0,0,0,384,1,42,70.4,0,1,1
Robert Tonyan,GNB,TE,28,12,3,54,44,0,0,0,0,0,0,362,1,42,86.2,0,0,0
Quez Watkins,PHI,WR,24,11,5,24,17,0,0,0,-3,0,1,259,3,42,58.6,0,1,1
Treylon Burks,TEN,WR,22,7,3,36,24,0,0,0,12,0,2,334,0,41,64.6,0,0,0
Randall Cobb,GNB,WR,32,8,1,36,26,0,0,0,0,0,0,349,1,41,66.9,0,1,0
James Cook,BUF,RB,23,11,0,18,9,0,0,0,259,1,46,110,0,41,49.9,0,1,1
Chase Edmonds,2TM,RB,26,10,2,19,11,0,0,0,135,2,46,96,1,41,52.1,0,0,0
Caleb Huntley,ATL,RB,24,10,0,2,2,0,0,0,347,1,71,3,0,41,43.0,0,1,0
Alexander Mattison,MIN,RB,24,11,0,14,11,0,0,0,160,2,45,74,1,41,52.4,0,0,0
Jordan Akins,HOU,TE,30,9,1,26,21,0,0,0,0,0,0,300,2,40,61.0,0,1,1
Noah Fant,SEA,TE,25,11,10,41,33,0,0,0,0,0,0,340,1,40,73.0,0,0,0
Nelson Agholor,NWE,WR,29,10,4,32,23,0,0,0,0,0,0,310,2,39,62.0,0,2,2
Rashod Bateman,BAL,WR,23,6,5,28,15,0,0,0,0,0,0,285,2,39,53.5,0,1,1
Terrace Marshall Jr.,CAR,WR,22,9,5,34,18,0,0,0,0,0,0,328,1,39,56.8,0,0,0
Chris Moore,HOU,WR,29,10,2,37,24,0,0,0,5,0,2,268,2,39,63.3,0,0,0
Foster Moreau,LVR,TE,25,9,8,41,24,0,0,0,2,0,0,284,2,39,62.6,0,1,1
P.J. Walker,CAR,QB,27,6,5,0,0,731,3,106,39,0,6,0,0,39,39.1,3,0,0
Robert Woods,TEN,WR,30,11,9,56,32,0,0,0,0,0,0,351,1,39,71.1,0,1,1
Bailey Zappe,NWE,QB,23,4,2,1,1,781,5,92,0,0,10,-6,0,39,39.6,3,4,3
Austin Hooper,TEN,TE,28,11,1,33,24,0,0,0,0,0,0,257,2,38,61.7,0,0,0
Kalif Raymond,DET,WR,28,11,4,44,30,0,0,0,30,0,4,370,0,38,68.0,0,3,1
Julio Jones,TAM,WR,33,6,2,25,14,0,0,0,32,0,4,218,2,37,51.0,0,0,0
K.J. Osborn,MIN,WR,25,11,8,49,28,0,0,0,6,0,3,245,2,37,65.1,0,0,0
Demarcus Robinson,BAL,WR,28,11,3,42,26,0,0,0,0,0,0,297,1,36,61.7,0,0,0
Jelani Woods,IND,TE,24,10,0,22,15,0,0,0,0,0,0,177,3,36,50.7,0,1,0
Damiere Byrd,ATL,WR,29,9,3,16,9,0,0,0,0,0,0,229,2,35,43.9,0,0,0
Richie James,NYG,WR,27,11,2,35,28,0,0,0,6,0,2,280,2,35,62.6,0,3,3
Dante Pettis,CHI,WR,27,12,3,23,13,0,0,0,37,0,2,188,2,35,47.5,0,1,0
Michael Thomas,NOR,WR,29,3,3,22,16,0,0,0,0,0,0,171,3,35,51.1,0,0,0
Gus Edwards,BAL,RB,27,3,2,2,0,0,0,0,183,3,43,0,0,34,34.3,0,1,1
Jarvis Landry,NOR,WR,30,7,3,35,23,0,0,0,0,0,0,258,1,34,56.8,0,0,0
Elijah Moore,NYJ,WR,22,10,6,36,20,0,0,0,-8,0,3,284,1,34,53.6,0,0,0
Cade Otton,TAM,TE,23,10,6,35,26,0,0,0,0,0,0,281,1,34,60.1,0,0,0
Laviska Shenault Jr.,CAR,WR,24,8,1,20,17,0,0,0,50,1,6,167,1,34,50.7,0,0,0
Trent Sherfield,MIA,WR,26,11,2,35,24,0,0,0,0,0,0,280,1,34,58.0,0,0,0
Jamal Agnew,JAX,WR,27,9,0,20,15,0,0,0,29,0,5,119,3,33,47.8,0,0,0
Cam Akers,LAR,RB,23,9,3,6,2,0,0,0,274,1,84,18,0,33,35.2,0,1,1
Daniel Bellinger,NYG,TE,22,7,6,18,16,0,0,0,2,1,1,152,2,33,49.4,0,0,0
Michael Gallup,DAL,WR,26,8,6,42,24,0,0,0,0,0,0,274,1,33,57.4,0,0,0
Jamycal Hasty,JAX,RB,26,11,0,15,12,0,0,0,120,1,25,90,1,33,45.0,0,0,0
Jauan Jennings,SFO,WR,25,10,1,37,24,0,0,0,0,0,0,269,1,33,56.9,0,0,0
Isaiah Likely,BAL,TE,22,10,1,33,18,0,0,0,0,0,0,206,2,33,50.6,0,0,0
Rashid Shaheed,NOR,WR,24,7,1,11,8,0,0,0,50,1,2,164,1,33,41.4,0,0,0
Ben Skowronek,LAR,WR,25,11,8,47,29,0,0,0,17,1,1,254,0,33,62.1,0,0,0
Tre'Quan Smith,NOR,WR,26,10,3,26,18,0,0,0,0,0,0,272,1,33,51.2,0,0,0
Jaylen Warren,PIT,RB,24,10,0,18,16,0,0,0,190,0,38,137,0,33,48.7,0,1,0
Justin Watson,KAN,WR,26,11,2,21,12,0,0,0,0,0,0,206,2,33,44.6,0,0,0
Braxton Berrios,NYJ,WR,27,11,2,19,13,2,1,1,91,2,9,73,0,32,45.5,0,1,0
Rex Burkhead,HOU,RB,32,11,0,37,28,0,0,1,83,0,24,164,1,31,58.7,0,0,0
Deon Jackson,IND,RB,23,11,2,21,20,0,0,0,130,1,42,124,0,31,51.4,0,0,0
Equanimeous St. Brown,CHI,WR,26,12,12,29,14,0,0,0,53,0,5,195,1,31,44.8,0,1,0
Mo Alie-Cox,IND,TE,29,12,9,22,16,0,0,0,0,0,0,177,2,30,45.7,0,0,0
Noah Gray,KAN,TE,23,11,6,24,18,0,0,0,1,1,1,174,1,30,47.5,0,0,0
Teddy Bridgewater,MIA,QB,30,4,1,0,0,522,3,60,21,0,2,0,0,29,29.0,3,0,0
Greg Dulcich,DEN,TE,22,6,3,29,19,0,0,0,0,0,0,234,1,29,48.4,0,0,0
Russell Gage,TAM,WR,26,7,4,40,29,0,0,0,0,0,0,231,1,29,58.1,0,1,1
Nyheim Hines,2TM,RB,26,11,4,31,26,0,0,0,31,1,20,197,0,29,54.8,0,1,0
Mark Ingram,NOR,RB,33,9,3,13,11,0,0,0,206,1,55,46,0,29,40.2,0,2,2
J.D. McKissic,WAS,RB,29,8,0,40,27,0,0,0,95,0,22,173,0,29,55.8,0,0,0
Wan'Dale Robinson,NYG,WR,21,6,3,31,23,0,0,0,-1,0,2,227,1,29,51.6,0,0,0
Irv Smith Jr.,MIN,TE,24,7,0,33,22,0,0,0,0,0,0,168,2,29,50.8,0,1,0
J.K. Dobbins,BAL,RB,24,4,4,6,6,0,0,0,123,1,35,39,1,28,34.2,0,0,0
Kendall Hinton,DEN,WR,25,9,3,24,18,0,0,0,13,0,1,262,0,28,45.5,0,0,0
KhaDarel Hodge,ATL,WR,27,12,1,17,12,0,0,0,0,0,0,197,1,28,39.7,0,0,0
Keenan Allen,LAC,WR,30,4,4,21,16,0,0,0,0,0,0,220,1,26,42.0,0,1,1
Robbie Anderson,2TM,WR,29,12,6,37,15,0,0,0,0,0,0,219,1,26,40.9,0,1,1
Dyami Brown,WAS,WR,23,10,0,12,5,0,0,0,0,0,0,143,2,26,31.3,0,0,0
Jake Ferguson,DAL,TE,23,11,5,17,14,0,0,0,0,0,0,140,2,26,40.0,0,0,0
Chigoziem Okonkwo,TEN,TE,23,11,5,20,11,0,0,0,-4,0,1,207,1,26,37.3,0,0,0
Javonte Williams,DEN,RB,22,4,4,22,16,0,0,0,204,0,47,76,0,26,42.0,0,1,1
Matt Breida,NYG,RB,27,11,0,10,8,0,0,0,112,1,34,79,0,25,33.1,0,0,0
Kylen Granson,IND,TE,24,11,3,32,25,0,0,0,0,0,1,249,0,25,49.9,0,1,0
Chuba Hubbard,CAR,RB,23,10,1,7,5,0,0,0,176,1,41,36,0,25,30.2,0,1,1
Josh Oliver,BAL,TE,25,11,3,18,11,0,0,0,0,0,0,130,2,25,36.0,0,0,0
Logan Thomas,WAS,TE,31,9,8,36,21,0,0,0,0,0,0,190,1,25,46.0,0,0,0
Mike White,NYJ,QB,27,2,1,0,0,315,3,28,2,0,3,0,0,25,24.8,0,0,0
Harrison Bryant,CLE,TE,24,11,6,33,23,0,0,0,0,0,0,179,1,24,46.9,0,0,0
Justice Hill,BAL,RB,25,9,0,8,8,0,0,0,223,0,40,35,0,24,31.8,0,1,1
O.J. Howard,HOU,TE,28,11,8,21,9,0,0,0,0,0,0,119,2,24,32.9,0,0,0
Joshua Kelley,LAC,RB,25,7,0,13,9,0,0,0,108,1,25,72,0,24,33.0,0,0,0
Darren Waller,LVR,TE,30,5,4,24,16,0,0,0,0,0,0,175,1,24,39.5,0,0,0
DJ Chark,DET,WR,26,5,4,24,9,0,0,0,0,0,0,114,2,23,32.4,0,0,0
Travis Homer,SEA,RB,24,7,0,11,10,0,0,0,43,0,9,124,1,23,32.7,0,0,0
Justin Jackson,DET,RB,26,11,0,9,6,0,0,0,130,0,29,44,1,23,29.4,0,0,0
Kyle Juszczyk,SFO,RB,31,10,7,17,13,0,0,0,14,1,4,155,0,23,35.9,0,0,0
Ray-Ray McCloud,SFO,WR,26,11,2,18,11,0,0,0,0,0,0,174,1,23,34.4,0,2,0
Elijah Mitchell,SFO,RB,24,4,1,4,3,0,0,0,224,0,40,7,0,23,26.1,0,0,0
Colby Parkinson,SEA,TE,23,11,0,16,13,0,0,0,0,0,0,172,1,23,36.2,0,0,0
Ameer Abdullah,LVR,RB,29,11,0,23,18,0,0,0,16,0,3,143,1,22,39.9,0,0,0
Kendrick Bourne,NWE,WR,27,10,2,24,18,0,0,0,8,0,4,211,0,22,39.9,0,2,0
Marquez Callaway,NOR,WR,24,10,3,30,16,0,0,0,0,0,0,158,1,22,37.8,0,0,0
Phillip Dorsett,HOU,WR,29,10,2,24,10,0,0,0,0,0,0,162,1,22,32.2,0,0,0
Van Jefferson,LAR,WR,26,5,3,20,9,0,0,0,0,0,0,97,2,22,30.7,0,0,0
Craig Reynolds,DET,RB,26,8,0,10,9,0,0,0,102,0,23,116,0,22,30.8,0,0,0
Tyquan Thornton,NWE,WR,22,7,3,21,10,0,0,0,16,1,3,86,1,22,32.2,0,0,0
Tutu Atwell,LAR,WR,23,7,0,7,4,0,0,0,9,0,1,139,1,21,24.8,0,0,0
Peyton Hendershot,DAL,TE,23,11,1,14,10,0,0,0,2,1,1,83,1,21,30.5,0,1,0
Alec Ingold,MIA,RB,26,11,9,13,11,0,0,0,6,1,5,83,1,21,31.9,0,0,0
Colt McCoy,ARI,QB,36,2,2,0,0,456,1,71,10,0,7,0,0,21,21.2,1,1,0
Sterling Shepard,NYG,WR,29,3,2,24,13,0,0,0,0,0,0,154,1,21,34.4,0,0,0
Adam Trautman,NOR,TE,25,10,8,16,14,0,0,0,0,0,0,145,1,21,34.5,0,0,0
Sammy Watkins,GNB,WR,29,8,3,22,13,0,0,0,0,0,0,206,0,21,33.6,0,0,0
Jody Fortson,KAN,TE,27,10,1,11,8,0,0,0,0,0,0,102,2,20,28.2,0,1,1
A.J. Green,ARI,WR,34,10,6,36,18,0,0,0,0,0,0,121,1,20,38.1,0,0,0
Jonnu Smith,NWE,TE,27,10,5,27,20,0,0,0,5,0,1,194,0,20,39.9,0,1,0
Tommy Tremble,CAR,TE,22,12,3,21,11,0,0,0,0,0,0,101,2,20,31.1,0,1,1
Tevin Coleman,SFO,RB,29,4,0,3,3,0,0,0,26,1,12,44,1,19,22.0,0,0,0
River Cracraft,MIA,WR,28,8,0,10,6,0,0,0,0,0,0,68,2,19,24.8,0,0,0
KJ Hamler,DEN,WR,23,7,0,14,7,0,0,0,23,0,2,165,0,19,25.8,0,0,0
Kadarius Toney,2TM,WR,23,5,2,11,8,0,0,0,56,0,4,69,1,19,26.5,0,0,0
Ty Johnson,NYJ,RB,25,11,0,9,3,0,0,0,92,1,14,26,0,18,20.8,0,0,0
Scott Miller,TAM,WR,25,9,1,34,21,0,0,0,8,0,1,170,0,18,38.8,0,0,0
Zach Pascal,PHI,WR,28,11,1,13,11,0,0,0,0,0,1,123,1,18,29.3,0,0,0
Khalil Shakir,BUF,WR,22,9,1,15,7,0,0,0,0,0,0,118,1,18,24.8,0,0,0
Durham Smythe,MIA,TE,27,10,10,10,7,0,0,0,1,1,2,54,1,18,24.5,0,0,0
Brock Wright,DET,TE,24,11,6,13,11,0,0,0,0,0,0,116,1,18,28.6,0,0,0
John Bates,WAS,TE,25,11,5,22,14,0,0,0,0,0,0,108,1,17,30.8,0,1,0
David Bell,CLE,WR,22,11,2,27,20,0,0,0,0,0,0,169,0,17,36.9,0,0,0
Sam Darnold,CAR,QB,25,1,1,0,0,164,1,19,3,1,3,0,0,17,16.9,0,1,0
Ashton Dulin,IND,WR,25,8,2,18,12,0,0,0,3,0,1,168,0,17,29.1,0,0,0
Ross Dwelley,SFO,TE,27,11,0,5,3,0,0,0,0,0,0,105,1,17,19.5,0,0,0
Trenton Irwin,CIN,WR,27,4,1,12,7,0,0,0,11,0,1,99,1,17,24.0,0,0,0
Johnny Mundt,MIN,TE,28,11,8,18,16,0,0,0,0,0,0,105,1,17,32.5,0,0,0
Hunter Renfrow,LVR,WR,27,6,1,29,21,0,0,0,0,0,0,192,0,17,38.2,0,3,1
Eric Saubert,DEN,TE,28,11,4,17,10,0,0,0,0,0,0,111,1,17,27.1,0,0,0
Boston Scott,PHI,RB,27,9,2,3,3,0,0,0,108,1,31,6,0,17,20.4,0,0,0
Ian Thomas,CAR,TE,26,12,12,24,17,0,0,0,0,0,0,165,0,17,33.5,0,0,0
Darrel Williams,ARI,RB,27,6,0,8,4,0,0,0,102,1,21,9,0,17,21.1,0,0,0
Sony Michel,LAC,RB,27,10,0,13,9,0,0,0,106,0,36,53,0,16,24.9,0,0,0
Dare Ogunbowale,HOU,RB,28,11,1,12,9,0,0,0,22,1,5,78,0,16,25.0,0,0,0
Raheem Blackshear,CAR,RB,23,8,1,9,7,0,0,0,41,1,15,65,0,15,21.6,0,1,1
Brandon Bolden,LVR,RB,32,10,0,9,9,0,0,0,34,0,8,57,1,15,24.1,0,0,0
Skyy Moore,KAN,WR,22,11,3,26,17,0,0,0,0,0,0,205,0,15,31.5,0,3,3
Bryce Perkins,LAR,QB,26,3,1,0,0,161,1,34,87,0,17,0,0,15,15.1,2,0,0
MyCole Pruitt,ATL,TE,30,8,2,7,6,0,0,0,0,0,0,34,2,15,21.4,0,0,0
Anthony Schwartz,CLE,WR,22,10,1,9,3,0,0,0,51,1,3,39,0,15,18.0,0,0,0
Shi Smith,CAR,WR,24,12,5,29,14,0,0,0,0,0,0,168,0,15,28.8,0,3,1
Mike Boone,DEN,RB,27,7,0,12,6,0,0,0,82,0,15,61,0,14,20.3,0,0,0
Cameron Brate,TAM,TE,31,7,1,29,16,0,0,0,0,0,0,137,0,14,29.7,0,0,0
Sam Ehlinger,IND,QB,24,2,2,0,0,304,0,52,54,0,11,0,0,14,13.6,1,1,1
Zander Horvath,LAC,RB,24,11,2,8,5,0,0,0,8,0,4,8,2,14,18.6,0,0,0
Keaontay Ingram,ARI,RB,23,7,0,2,2,0,0,0,52,1,21,23,0,14,15.5,0,0,0
Tom Kennedy,DET,WR,26,7,1,15,8,0,0,0,0,0,0,141,0,14,22.1,0,0,0
Denzel Mims,NYJ,WR,25,5,3,16,7,0,0,0,0,0,0,138,0,14,20.8,0,0,0
Samori Toure,GNB,WR,24,6,2,9,4,0,0,0,0,0,0,75,1,14,17.5,0,1,0
Kyren Williams,LAR,RB,22,4,0,8,7,0,0,0,80,0,19,63,0,14,21.3,0,0,0
Gary Brightwell,NYG,RB,23,11,0,2,2,0,0,0,50,1,9,18,0,13,14.8,0,0,0
Tanner Hudson,NYG,TE,28,11,0,15,10,0,0,0,0,0,0,132,0,13,23.2,0,0,0
Chris Myarick,NYG,TE,27,11,7,8,7,0,0,0,0,0,0,65,1,13,19.5,0,0,0
Breshad Perriman,TAM,WR,29,9,2,17,8,0,0,0,-7,0,2,101,1,13,21.4,0,2,1
Jalen Reagor,MIN,WR,23,11,0,7,5,0,0,0,17,0,1,49,1,13,17.6,0,3,0
Benny Snell Jr.,PIT,RB,24,11,0,1,1,0,0,0,62,1,12,6,0,13,13.8,0,0,0
Reggie Gilliam,BUF,RB,25,11,3,9,7,0,0,0,0,0,0,57,1,12,18.7,0,0,0
Isaiah Hodgins,2TM,WR,24,5,2,15,12,0,0,0,0,0,0,142,0,12,24.2,0,1,1
Ko Kieft,TAM,TE,24,11,8,6,5,0,0,0,0,0,0,57,1,12,16.7,0,0,0
Trey Lance,SFO,QB,22,2,2,0,0,194,0,31,67,0,16,0,0,12,12.5,1,1,0
Byron Pringle,CHI,WR,29,6,1,7,5,0,0,0,0,0,0,57,1,12,16.7,0,0,0
Dan Arnold,JAX,TE,27,11,0,8,7,0,0,0,0,0,0,113,0,11,18.3,0,0,0
Pharaoh Brown,2TM,TE,28,10,6,19,11,0,0,0,0,0,0,106,0,11,21.6,0,0,0
Lawrence Cager,2TM,TE,25,5,3,9,5,0,0,0,0,0,0,49,1,11,15.9,0,0,0
Malik Davis,DAL,RB,24,6,0,5,4,0,0,0,74,0,20,40,0,11,15.4,0,0,0
Josiah Deguara,GNB,TE,25,12,1,12,11,0,0,0,0,0,0,106,0,11,21.6,0,0,0
Jordan Love,GNB,QB,24,3,0,0,0,186,1,18,0,0,0,0,0,11,11.4,0,0,0
James Mitchell,DET,TE,23,8,0,5,5,0,0,0,0,0,0,48,1,11,15.8,0,0,0
Zack Moss,2TM,RB,25,8,0,8,7,0,0,0,104,0,21,27,0,11,18.1,0,1,1
David Sills,NYG,WR,26,8,5,17,11,0,0,0,0,0,0,106,0,11,21.6,0,0,0
Geoff Swaim,TEN,TE,29,11,9,12,8,0,0,0,0,0,0,46,1,11,18.6,0,0,0
Jalen Virgil,DEN,WR,24,3,1,3,1,0,0,0,0,0,0,66,1,11,11.6,0,1,1
Kyle Allen,HOU,QB,26,1,1,0,0,215,1,39,12,0,4,0,0,10,9.8,2,2,0
Zach Gentry,PIT,TE,26,11,8,18,15,0,0,0,0,0,0,96,0,10,24.6,0,0,0
N'Keal Harry,CHI,WR,25,3,0,5,4,0,0,0,0,0,0,44,1,10,14.4,0,0,0
Zonovan Knight,NYJ,RB,21,1,0,3,3,0,0,0,69,0,14,34,0,10,13.3,0,1,0
Dax Milne,WAS,WR,23,11,1,7,6,0,0,0,0,0,0,37,1,10,15.7,0,0,0
Brandon Powell,LAR,WR,27,11,2,16,14,0,0,0,8,0,9,96,0,10,24.4,0,1,0
Trevor Siemian,CHI,QB,31,2,1,0,0,184,1,26,8,0,4,0,0,10,10.2,1,0,0
C.J. Uzomah,NYJ,TE,29,10,9,14,13,0,0,0,0,0,0,99,0,10,22.9,0,0,0
Cedrick Wilson Jr.,MIA,WR,27,10,0,14,9,0,0,0,8,0,1,96,0,10,19.4,0,0,0
DeeJay Dallas,SEA,RB,24,11,0,7,7,0,0,1,67,0,14,42,0,9,15.9,1,1,0
C.J. Ham,MIN,RB,29,11,1,5,3,0,0,0,6,1,2,21,0,9,11.7,0,0,0
DeSean Jackson,BAL,WR,36,2,1,5,3,0,0,0,0,0,0,90,0,9,12.0,0,0,0
Velus Jones Jr.,CHI,WR,25,7,0,5,3,0,0,0,47,0,5,24,1,9,12.1,0,2,2
Phillip Lindsay,IND,RB,28,3,0,8,6,0,0,0,49,0,15,19,0,9,14.8,0,0,0
Patrick Ricard,BAL,RB,28,11,10,12,10,0,0,0,14,0,5,74,0,9,18.8,0,0,0
Armani Rogers,WAS,TE,25,10,3,6,5,0,0,0,24,0,1,64,0,9,13.8,0,0,0
John Wolford,LAR,QB,27,1,1,0,0,212,1,36,3,0,3,0,0,9,8.8,1,2,1
Keelan Cole,LVR,WR,29,8,3,15,6,0,0,0,0,0,0,75,0,8,13.5,0,1,0
Connor Heyward,PIT,TE,23,11,0,8,7,0,0,0,0,0,0,76,0,8,14.6,0,0,0
Marcedes Lewis,GNB,TE,38,12,12,3,3,0,0,0,0,0,0,20,1,8,11.0,0,0,0
Teagan Quitoriano,HOU,TE,22,4,2,4,3,0,0,0,0,0,0,22,1,8,11.2,0,0,0
Brett Rypien,DEN,QB,26,1,1,0,0,225,0,46,9,0,3,0,0,8,7.9,1,1,0
Cam Sims,WAS,WR,26,12,3,14,6,0,0,0,0,0,0,75,0,8,13.5,0,0,0
Derek Watt,PIT,RB,30,11,3,4,4,0,0,0,11,0,4,8,1,8,11.9,0,0,0
Jonathan Williams,WAS,RB,28,8,0,0,0,0,0,0,76,0,10,0,0,8,7.6,0,0,0
Michael Bandy,LAC,WR,25,8,2,20,9,0,0,0,0,0,0,74,0,7,16.4,0,0,0
D'Wayne Eskridge,SEA,WR,25,10,0,13,7,0,0,0,10,0,2,58,0,7,13.8,0,0,0
Darrynton Evans,CHI,RB,24,3,0,1,1,0,0,0,34,0,9,33,0,7,7.7,0,0,0
Brandon Johnson,DEN,WR,24,2,0,6,3,0,0,0,0,0,0,12,1,7,10.2,0,0,0
Ty Montgomery,NWE,WR,29,1,0,4,3,0,0,0,-2,0,2,15,1,7,10.3,0,0,0
Kene Nwangwu,MIN,RB,24,11,0,1,1,0,0,0,1,0,4,5,0,7,7.6,0,0,0
Giovanni Ricci,CAR,RB,26,10,3,8,7,0,0,0,0,0,0,68,0,7,13.8,0,0,0
Skylar Thompson,MIA,QB,25,4,1,0,0,278,0,52,14,0,10,0,0,7,6.5,1,2,2
Kevin White,NOR,WR,30,7,2,5,2,0,0,0,0,0,0,74,0,7,9.4,0,0,0
Andrew Beck,DEN,TE,26,9,4,6,3,0,0,0,-1,0,1,59,0,6,8.8,0,0,0
Malcolm Brown,LAR,RB,29,5,0,2,2,0,0,0,34,0,14,23,0,6,7.7,0,0,0
Jamison Crowder,BUF,WR,29,4,0,13,6,0,0,0,0,0,0,60,0,6,12.0,0,1,0
Anthony Firkser,ATL,TE,27,6,1,5,4,0,0,0,0,0,0,55,0,6,9.5,0,0,0
Jalen Guyton,LAC,WR,25,3,0,4,2,0,0,0,0,0,0,64,0,6,8.4,0,0,0
Parker Hesse,ATL,TE,27,12,4,8,6,0,0,0,0,0,0,59,0,6,11.9,0,0,0
Marcus Johnson,NYG,WR,28,8,4,16,6,0,0,0,0,0,0,63,0,6,12.3,0,0,0
Jake Kumerow,BUF,WR,30,6,1,7,4,0,0,0,0,0,0,64,0,6,10.4,0,0,0
Jeff Smith,NYJ,WR,25,10,0,6,4,0,0,0,0,0,0,57,0,6,9.7,0,0,0
Jack Stoll,PHI,TE,24,11,7,8,5,0,0,0,0,0,0,56,0,6,10.6,0,0,0
Mike Strachan,IND,WR,25,9,0,8,3,0,0,0,0,0,0,59,0,6,8.9,0,0,0
Mike Thomas,CIN,WR,28,10,2,10,2,0,0,0,0,0,0,38,0,6,7.8,0,0,0
Malik Willis,TEN,QB,23,5,2,0,0,141,0,30,64,0,18,0,0,6,6.0,1,2,2
Shane Zylstra,DET,TE,26,7,1,2,1,0,0,0,0,0,0,1,1,6,7.1,0,0,0
Spencer Brown,CAR,RB,24,2,0,4,2,0,0,0,43,0,9,10,0,5,7.3,0,0,0
Myles Gaskin,MIA,RB,25,3,0,6,4,0,0,0,26,0,10,28,0,5,9.4,0,0,0
Kenny Golladay,NYG,WR,29,7,3,10,4,0,0,0,0,0,0,51,0,5,9.1,0,0,0
Hassan Haskins,TEN,RB,23,11,0,3,3,0,0,0,42,0,10,7,0,5,7.9,0,0,0
Cody Hollister,TEN,WR,29,11,3,5,3,0,0,0,0,0,0,54,0,5,8.4,0,0,0
Jordan Mason,SFO,RB,23,10,0,0,0,0,0,0,46,0,10,0,0,5,4.6,0,0,0
Trey McBride,ARI,TE,23,11,8,11,9,0,0,0,0,0,0,46,0,5,13.6,0,1,0
Tre' McKitty,LAC,TE,23,11,5,13,7,0,0,0,0,0,0,49,0,5,11.9,0,1,0
Quintin Morris,BUF,TE,23,10,1,10,7,0,0,0,0,0,0,70,0,5,12.0,0,1,1
Albert Okwuegbunam,DEN,TE,24,5,0,11,7,0,0,0,0,0,0,50,0,5,12.0,0,0,0
Gunner Olszewski,PIT,WR,26,10,1,4,3,0,0,0,27,0,3,43,0,5,8.0,0,2,1
Donald Parham,LAC,TE,25,2,0,4,3,0,0,0,0,0,0,53,0,5,8.3,0,0,0
James Proche,BAL,WR,26,9,0,10,6,0,0,0,0,0,0,53,0,5,11.3,0,0,0
Ronnie Rivers,LAR,RB,23,4,1,5,5,0,0,0,21,0,9,29,0,5,10.0,0,0,0
Isaiah Spiller,LAC,RB,21,5,0,3,3,0,0,0,41,0,18,13,0,5,8.4,0,0,0
Stephen Sullivan,CAR,TE,26,9,0,3,2,0,0,0,0,0,0,46,0,5,6.6,0,0,0
Dwayne Washington,NOR,RB,28,11,0,1,1,0,0,0,38,0,11,7,0,5,5.5,0,0,0
Trevon Wesco,CHI,TE,27,11,1,4,2,0,0,0,0,0,0,26,0,5,6.6,0,0,0
Zamir White,LVR,RB,23,10,0,0,0,0,0,0,47,0,10,0,0,5,4.7,0,0,0
Mitchell Wilcox,CIN,TE,26,11,1,6,6,0,0,0,0,0,0,47,0,5,10.7,0,0,0
Jordan Wilkins,IND,RB,28,2,0,5,4,0,0,0,31,0,6,15,0,5,8.6,0,0,0
Trayveon Williams,CIN,RB,25,3,0,2,1,0,0,0,25,0,4,24,0,5,5.9,0,0,0
Kendall Blanton,LAR,TE,27,4,0,2,2,0,0,0,0,0,0,35,0,4,5.5,0,0,0
Grant Calcaterra,PHI,TE,24,9,1,2,2,0,0,0,0,0,0,38,0,4,5.8,0,0,0
Tyrion Davis-Price,SFO,RB,22,3,0,2,0,0,0,0,37,0,16,0,0,4,3.7,0,0,0
Trestan Ebner,CHI,RB,23,12,0,5,2,0,0,0,54,0,24,8,0,4,6.2,0,2,1
Anthony McFarland Jr.,PIT,RB,23,1,0,2,2,0,0,0,30,0,6,11,0,4,6.1,0,0,0
Kyle Philips,TEN,WR,23,4,0,13,8,0,0,0,0,0,0,78,0,4,11.8,0,2,2
Steven Sims,PIT,WR,25,6,1,10,5,0,0,0,15,0,6,23,0,4,8.8,0,1,0
Eric Tomlinson,DEN,TE,30,11,8,6,3,0,0,0,0,0,0,37,0,4,6.7,0,0,0
Andre Baccellia,ARI,WR,25,6,0,7,5,0,0,0,0,0,0,32,0,3,8.2,0,0,0
Tyrie Cleveland,DEN,WR,25,6,0,7,2,0,0,0,0,0,0,28,0,3,4.8,0,0,0
Jaelon Darden,TAM,WR,23,11,0,2,2,0,0,0,2,0,1,26,0,3,4.8,0,0,0
Tyler Davis,GNB,TE,25,12,1,7,4,0,0,0,0,0,0,26,0,3,6.6,0,0,0
Ben Ellefson,MIN,TE,26,4,1,3,3,0,0,0,0,0,0,26,0,3,5.6,0,0,0
Chris Evans,CIN,RB,25,10,0,3,2,0,0,0,0,0,0,30,0,3,5.0,0,0,0
Luke Farrell,JAX,TE,25,11,0,2,2,0,0,0,0,0,0,26,0,3,4.6,0,0,0
Ronald Jones II,KAN,RB,25,1,0,1,1,0,0,0,12,0,4,22,0,3,4.4,0,0,0
Tim Jones,JAX,WR,24,11,1,3,2,0,0,0,0,0,0,27,0,3,4.7,0,0,0
Brevin Jordan,HOU,TE,22,5,1,17,6,0,0,0,0,0,0,32,0,3,9.2,0,0,0
Trace McSorley,ARI,QB,27,3,0,0,0,71,0,14,26,0,4,0,0,3,3.4,1,0,0
Jalen Nailor,MIN,WR,23,9,0,4,2,0,0,0,0,0,0,28,0,3,4.8,0,0,0
Jarrett Stidham,LVR,QB,26,3,0,0,0,72,0,13,0,0,0,0,0,3,2.9,0,0,0
Trent Taylor,CIN,WR,28,11,1,6,5,0,0,0,18,0,3,28,0,3,7.6,0,2,1
KaVontae Turpin,DAL,WR,26,11,0,2,1,0,0,0,17,0,3,9,0,3,3.6,0,1,0
Ke'Shawn Vaughn,TAM,RB,25,9,0,2,1,0,0,0,21,0,8,11,0,3,4.2,0,0,0
Cole Beasley,TAM,WR,33,2,0,5,4,0,0,0,0,0,0,17,0,2,5.7,0,0,0
Michael Burton,KAN,RB,30,11,0,3,2,0,0,0,7,0,4,11,0,2,3.8,0,0,0
Quintez Cephus,DET,WR,24,4,1,3,2,0,0,0,0,0,0,15,0,2,3.5,0,0,0
Mike Davis,BAL,RB,29,8,0,2,2,0,0,0,18,0,8,4,0,2,4.2,0,1,0
Jeff Driskel,HOU,TE,29,2,0,0,0,0,0,0,15,0,2,0,0,2,1.5,0,0,0
Bryan Edwards,ATL,WR,24,7,1,5,3,0,0,0,0,0,0,15,0,2,4.5,0,0,0
Simi Fehoko,DAL,WR,25,5,0,4,3,0,0,0,0,0,0,24,0,2,5.4,0,0,0
Ryan Griffin,CHI,TE,32,10,0,6,3,0,0,0,0,0,0,24,0,2,5.4,0,0,0
Penny Hart,SEA,WR,26,7,0,1,1,0,0,0,0,0,0,15,0,2,2.5,0,0,0
Brycen Hopkins,LAR,TE,25,8,0,5,2,0,0,0,0,0,0,23,0,2,4.3,0,0,0
Jesper Horsted,LVR,TE,25,11,0,4,3,0,0,0,0,0,0,19,0,2,4.9,0,0,0
Dennis Houston,DAL,WR,23,2,0,6,2,0,0,0,0,0,0,16,0,2,3.6,0,0,0
Lil'Jordan Humphrey,NWE,WR,24,6,2,4,2,0,0,0,0,0,0,20,0,2,4.0,0,0,0
Andy Isabella,ARI,WR,26,3,0,5,2,0,0,0,0,0,0,21,0,2,4.1,0,0,0
D'Ernest Johnson,CLE,RB,26,9,0,3,3,0,0,0,17,0,4,7,0,2,5.4,0,0,0
Tony Jones,2TM,RB,25,4,0,2,2,0,0,0,8,0,2,12,0,2,4.0,0,0,0
Keith Kirkwood,NOR,WR,28,2,1,2,2,0,0,0,0,0,0,18,0,2,3.8,0,0,0
Tyler Kroft,SFO,TE,30,5,3,3,2,0,0,0,0,0,0,15,0,2,3.5,0,0,0
Chris Manhertz,JAX,TE,30,11,8,6,5,0,0,0,0,0,0,21,0,2,7.1,0,0,0
Nick Mullens,MIN,QB,27,2,0,0,0,51,0,8,0,0,0,0,0,2,2.0,0,0,0
Dezmon Patmon,IND,WR,24,1,0,6,2,0,0,0,0,0,0,24,0,2,4.4,0,0,0
Kyle Rudolph,TAM,TE,33,5,0,4,2,0,0,0,0,0,0,20,0,2,4.0,0,0,0
Trey Sermon,PHI,RB,23,2,0,0,0,0,0,0,19,0,2,0,0,2,1.9,0,0,0
J.J. Taylor,NWE,RB,24,1,0,1,1,0,0,0,9,0,10,8,0,2,2.7,0,0,0
Cole Turner,WAS,TE,22,5,2,9,2,0,0,0,0,0,0,23,0,2,4.3,0,0,0
DJ Turner,LVR,WR,25,7,0,0,0,0,0,0,20,0,3,0,0,2,2.0,0,1,0
Tylan Wallace,BAL,WR,23,8,0,6,3,0,0,0,0,0,0,21,0,2,5.1,0,0,0
Juwann Winfree,GNB,WR,26,3,0,4,1,0,0,0,0,0,0,17,0,2,2.7,0,0,0
Michael Woods II,CLE,WR,22,5,0,6,2,0,0,0,0,0,0,21,0,2,4.1,0,0,0
Salvon Ahmed,MIA,RB,24,7,0,0,0,0,0,0,13,0,4,0,0,1,1.3,0,0,0
Maurice Alexander,DET,WR,25,6,0,1,1,0,0,0,0,0,0,7,0,1,1.7,0,0,0
Brandon Allen,CIN,QB,30,1,0,0,0,22,0,3,-1,0,3,0,0,1,0.8,0,0,0
Miles Boykin,PIT,WR,26,10,0,2,1,0,0,0,0,0,0,11,0,1,2.1,0,0,0
Jalen Camp,HOU,WR,24,1,0,1,1,0,0,0,0,0,0,7,0,1,1.7,0,0,0
Corey Clement,ARI,RB,28,4,0,1,1,0,0,0,0,0,0,8,0,1,1.8,0,0,0
Snoop Conner,JAX,RB,22,3,0,0,0,0,0,0,11,0,3,0,0,1,1.1,0,0,0
Troy Hairston,HOU,RB,24,11,4,4,3,0,0,0,0,0,0,12,0,1,4.2,0,0,0
Jacob Harris,LAR,TE,25,5,0,1,1,0,0,0,0,0,0,6,0,1,1.6,0,0,0
Kevin Harris,NWE,RB,22,1,0,0,0,0,0,0,5,0,3,0,0,1,0.5,0,0,0
Kylin Hill,GNB,RB,24,2,0,0,0,0,0,0,7,0,1,0,0,1,0.7,0,0,0
Brian Hoyer,NWE,QB,37,1,1,0,0,37,0,6,0,0,0,0,0,1,1.5,0,0,0
David Johnson,NOR,RB,31,1,0,1,1,0,0,0,-4,0,1,11,0,1,1.7,0,0,0
Jakob Johnson,LVR,RB,28,11,6,4,3,0,0,0,0,0,0,6,0,1,3.6,0,0,0
Tyron Johnson,2TM,WR,26,4,1,1,1,0,0,0,0,0,0,8,0,1,1.8,0,0,0
Marlon Mack,2TM,RB,26,3,0,1,1,0,0,0,7,0,2,5,0,1,2.2,0,0,0
Sean McKeon,DAL,TE,25,7,0,3,2,0,0,0,0,0,0,11,0,1,3.1,0,0,0
Gardner Minshew II,PHI,QB,26,1,0,0,0,23,0,2,-1,0,1,0,0,1,0.8,0,0,0
Jason Moore,LAC,WR,27,6,0,2,1,0,0,0,0,0,0,5,0,1,1.5,0,0,0
Devine Ozigbo,DEN,RB,26,3,0,1,1,0,0,0,2,0,1,3,0,1,1.5,0,0,0
Brock Purdy,SFO,QB,23,3,0,0,0,66,0,9,3,0,5,0,0,1,0.9,1,0,0
Amari Rodgers,GNB,WR,23,10,0,8,4,0,0,0,0,0,0,50,0,1,5.0,0,5,2
Mason Schreck,HOU,TE,29,2,1,2,2,0,0,0,0,0,0,6,0,1,2.6,0,0,0
Stone Smartt,LAC,TE,24,2,0,1,1,0,0,0,0,0,0,6,0,1,1.6,0,0,0
Keith Smith,ATL,RB,30,12,3,2,1,0,0,0,2,0,1,8,0,1,2.0,0,0,0
Pierre Strong,NWE,RB,24,9,0,0,0,0,0,0,5,0,1,0,0,1,0.5,0,0,0
Tommy Sweeney,BUF,TE,27,3,0,1,1,0,0,0,0,0,0,7,0,1,1.7,0,0,0
Tyrod Taylor,NYG,QB,33,1,0,0,0,11,0,3,30,0,3,0,0,1,1.4,1,1,0
Jalen Tolbert,DAL,WR,23,7,1,3,2,0,0,0,0,0,0,12,0,1,3.2,0,0,0
Nick Vannett,NOR,TE,29,3,0,2,2,0,0,0,0,0,0,13,0,1,3.3,0,0,0
Montrell Washington,DEN,WR,23,11,1,8,4,0,0,0,31,0,4,2,0,1,5.3,0,4,1
Maxx Williams,ARI,TE,28,6,0,1,1,0,0,0,0,0,0,7,0,1,1.7,0,0,0
Stephen Anderson,ARI,TE,29,12,0,3,1,0,0,0,0,0,0,2,0,,1.2,0,0,0
Devin Asiasi,CIN,,25,8,0,2,0,0,0,0,0,0,0,0,0,,,0,0,0
C.J. Beathard,JAX,QB,29,1,0,0,0,0,0,0,-1,0,1,0,0,,-0.1,0,0,0
Trinity Benson,DET,,25,1,0,0,0,0,0,0,0,0,0,0,0,,,0,0,0
Giovani Bernard,TAM,,31,2,0,0,0,0,0,0,0,0,0,0,0,,,0,0,0
Khari Blasingame,CHI,,26,12,5,1,0,0,0,0,0,0,0,0,0,,,0,0,0
C.J. Board,TEN,,29,3,0,0,0,0,0,0,0,0,0,0,0,,,0,1,0
Lynn Bowden Jr.,NWE,,25,1,0,0,0,0,0,0,0,0,0,0,0,,,0,0,0
Nick Boyle,BAL,,29,9,0,0,0,0,0,0,0,0,0,0,0,,,0,0,0
Trenton Cannon,TEN,,28,2,0,0,0,0,0,0,0,0,0,0,0,,,0,0,0
Cethan Carter,MIA,,27,1,0,0,0,0,0,0,0,0,0,0,0,,,0,0,0
Dan Chisena,MIN,,25,2,0,0,0,0,0,0,0,0,0,0,0,,,0,0,0
Chris Conley,2TM,,30,4,0,3,0,0,0,0,0,0,0,0,0,,,0,0,0
Pharoh Cooper,ARI,,27,1,0,0,0,0,0,0,0,0,0,0,0,,,0,0,0
Keke Coutee,IND,WR,25,6,0,1,1,0,0,0,0,0,0,20,0,,1.0,0,3,1
Chase Daniel,LAC,QB,36,2,0,0,0,0,0,2,0,0,0,0,0,,,0,0,0
Rico Dowdle,DAL,,24,5,0,0,0,0,0,0,0,0,0,0,0,,,0,0,0
Jacob Eason,CAR,QB,25,1,0,0,0,59,0,5,0,0,0,0,0,,0.4,1,0,0
Alex Erickson,WAS,,30,1,0,0,0,0,0,0,0,0,0,0,0,,,0,0,0
Demetric Felton,CLE,RB,24,5,0,2,1,0,0,0,-4,0,1,3,0,,0.9,0,1,0
Nick Foles,IND,,33,1,0,0,0,0,0,0,0,0,0,0,0,,,0,0,0
Feleipe Franks,ATL,,25,8,1,2,0,0,0,0,0,0,0,0,0,,,0,0,0
Jake Funk,LAR,,24,5,0,0,0,0,0,0,0,0,0,0,0,,,0,0,0
Tanner Gentry,BUF,,28,3,0,1,0,0,0,0,0,0,0,0,0,,,0,0,0
Cullen Gillaspia,SEA,,27,6,0,0,0,0,0,0,0,0,0,0,0,,,0,0,0
Josh Gordon,TEN,,31,2,0,1,0,0,0,0,0,0,0,0,0,,,0,0,0
Justin Hardee,NYJ,,28,11,0,0,0,0,0,0,0,0,0,0,0,,,0,0,0
Clark Harris,CIN,,38,1,0,0,0,0,0,0,0,0,0,0,0,,,0,0,0
Chad Henne,KAN,QB,37,2,0,0,0,0,0,2,-3,0,3,0,0,,-0.3,0,1,0
Rashard Higgins,CAR,,28,3,0,0,0,0,0,0,0,0,0,0,0,,,0,0,0
Jacob Hollister,2TM,,29,3,0,0,0,0,0,0,0,0,0,0,0,,,0,0,0
J.P. Holtz,NOR,,29,6,2,0,0,0,0,0,0,0,0,0,0,,,0,0,0
Jordan Howard,NOR,RB,28,2,0,0,0,0,0,0,1,0,1,0,0,,0.1,0,0,0
Tyler Huntley,BAL,,24,1,0,0,0,0,0,0,0,0,0,0,0,,,0,0,0
Tyree Jackson,PHI,,25,2,0,0,0,0,0,0,0,0,0,0,0,,,0,0,0
Jesse James,CLE,,28,2,0,0,0,0,0,0,0,0,0,0,0,,,0,0,0
Duke Johnson,BUF,RB,29,1,0,0,0,0,0,0,4,0,2,0,0,,0.4,0,0,0
Tyler Johnson,HOU,,24,2,0,0,0,0,0,0,0,0,0,0,0,,,0,0,0
Taiwan Jones,BUF,,34,11,0,0,0,0,0,0,0,0,0,0,0,,,0,0,0
Case Keenum,BUF,QB,34,2,0,0,0,8,0,7,0,0,5,0,0,,0.3,0,0,0
Marcus Kemp,KAN,,27,3,0,0,0,0,0,0,0,0,0,0,0,,,0,0,0
Mason Kinsey,TEN,WR,24,1,0,1,1,0,0,0,0,0,0,3,0,,1.3,0,0,0
Hunter Long,MIA,,24,5,0,0,0,0,0,0,0,0,0,0,0,,,0,0,0
Stanley Morgan Jr.,CIN,,26,9,0,1,0,0,0,0,0,0,0,0,0,,,0,0,0
Qadree Ollison,DAL,,26,2,0,0,0,0,0,0,0,0,0,0,0,,,0,0,0
Matthew Orzech,LAR,,27,11,0,0,0,0,0,0,0,0,0,0,0,,,0,0,0
Jaret Patterson,WAS,,23,1,0,0,0,0,0,0,0,0,0,0,0,,,0,0,0
Adam Prentice,NOR,RB,25,6,1,1,1,0,0,0,0,0,0,2,0,,1.2,0,1,0
Kevin Rader,TEN,,27,8,1,0,0,0,0,0,0,0,0,0,0,,,0,0,0
Andre Roberts,CAR,,34,1,0,0,0,0,0,0,0,0,0,0,0,,,0,0,0
Richard Rodgers,LAC,TE,30,9,1,4,1,0,0,0,0,0,0,4,0,,1.4,0,0,0
Larry Rountree,LAC,,23,1,0,0,0,0,0,0,0,0,0,0,0,,,0,0,0
Drew Sample,CIN,TE,26,2,2,2,2,0,0,0,0,0,0,-2,0,,1.8,0,0,0
Braylon Sanders,MIA,WR,23,1,0,2,2,0,0,0,0,0,0,17,0,,1.7,0,1,1
Matthew Slater,NWE,,37,11,0,0,0,0,0,0,0,0,0,0,0,,,0,0,0
Willie Snead,SFO,,30,2,0,0,0,0,0,0,0,0,0,0,0,,,0,0,0
Matt Sokol,NWE,,27,1,0,0,0,0,0,0,0,0,0,0,0,,,0,0,0
Keir Thomas,LAR,,24,2,0,0,0,0,0,0,0,0,0,0,0,,,0,0,0
Noah Togiai,PHI,,25,2,0,1,0,0,0,0,0,0,0,0,0,,,0,0,0
Laquon Treadwell,SEA,,27,1,0,0,0,0,0,0,0,0,0,0,0,,,0,0,0
Malik Turner,SFO,,26,3,0,0,0,0,0,0,0,0,0,0,0,,,0,0,0
Jonathan Ward,ARI,,25,5,0,0,0,0,0,0,0,0,0,0,0,,,0,0,0
Cody White,PIT,WR,24,1,1,1,1,0,0,0,0,0,0,2,0,,1.2,0,0,0
Antonio Williams,NYG,,25,2,0,0,0,0,0,0,0,0,0,0,0,,,0,0,0
Damien Williams,ATL,RB,30,1,1,0,0,0,0,0,2,0,2,0,0,,0.2,0,0,0
Javon Wims,ARI,,28,1,0,0,0,0,0,0,0,0,0,0,0,,,0,0,0
Charlie Woerner,SFO,,25,11,2,2,0,0,0,0,0,0,0,0,0,,,0,0,0
Brandon Zylstra,DET,,29,2,0,0,0,0,0,0,0,0,0,0,0,,,0,0,0
Deonte Harty,NOR,WR,25,4,0,2,2,0,0,0,0,0,0,13,0,-1,1.3,0,1,1
Ihmir Smith-Marsette,CHI,WR,23,6,0,4,1,0,0,0,-1,0,1,15,0,-1,0.4,0,1,1
Chester Rogers,CLE,,28,3,0,0,0,0,0,0,0,0,0,0,0,-2,-2.0,0,1,1
